row,reason,detail
0,text-too-long,1312 words
1,duration-hint-out-of-range,604.00s
2,text-too-long,1176 words
3,text-too-long,1073 words
6,text-too-long,3566 words
9,duration-hint-out-of-range,640.00s
10,text-too-long,1372 words
11,text-too-long,2341 words
13,text-too-long,698 words
14,text-too-long,3989 words
16,text-too-long,1101 words
17,text-too-long,851 words
18,text-too-long,1911 words
19,text-too-long,1091 words
21,text-too-long,1797 words
22,text-too-long,4426 words
23,text-too-long,625 words
25,text-too-long,1932 words
28,text-too-long,1148 words
29,text-too-long,853 words
30,text-too-long,751 words
34,text-too-long,3730 words
35,duration-hint-out-of-range,606.00s
36,text-too-long,835 words
37,text-too-long,2782 words
39,text-too-long,2039 words
40,text-too-long,1768 words
41,text-too-long,2846 words
42,text-too-long,1730 words
46,text-too-long,562 words
47,text-too-long,1751 words
48,text-too-long,792 words
49,duration-hint-out-of-range,614.00s
51,text-too-long,1060 words
54,text-too-long,2148 words
56,text-too-long,3114 words
57,text-too-long,874 words
58,text-too-long,1558 words
59,text-too-long,1711 words
60,duration-hint-out-of-range,617.00s
61,text-too-long,1904 words
62,text-too-long,1343 words
63,text-too-long,2494 words
64,text-too-long,4183 words
65,text-too-long,947 words
66,text-too-long,711 words
67,text-too-long,2376 words
68,duration-hint-out-of-range,638.00s
72,duration-hint-out-of-range,650.00s
73,duration-hint-out-of-range,616.00s
74,text-too-long,1473 words
75,text-too-long,2544 words
76,duration-hint-out-of-range,616.00s
77,text-too-long,2625 words
78,text-too-long,1278 words
79,duration-hint-out-of-range,605.00s
80,text-too-long,1178 words
81,duration-hint-out-of-range,644.00s
82,text-too-long,3327 words
83,text-too-long,1071 words
84,duration-hint-out-of-range,656.00s
85,text-too-long,557 words
86,text-too-long,2218 words
88,text-too-long,1127 words
89,text-too-long,2855 words
90,duration-hint-out-of-range,630.00s
91,text-too-long,3048 words
93,text-too-long,1616 words
94,text-too-long,1198 words
95,text-too-long,1409 words
96,text-too-long,1079 words
98,text-too-long,1261 words
100,text-too-long,1614 words
101,text-too-long,729 words
106,duration-hint-out-of-range,629.00s
108,text-too-long,2267 words
110,duration-hint-out-of-range,610.00s
111,text-too-long,717 words
113,text-too-long,2733 words
114,duration-hint-out-of-range,601.00s
116,text-too-long,2670 words
117,duration-hint-out-of-range,603.00s
118,duration-hint-out-of-range,631.00s
119,text-too-long,589 words
121,text-too-long,3510 words
125,text-too-long,2294 words
126,text-too-long,668 words
129,text-too-long,2913 words
130,duration-hint-out-of-range,628.00s
131,text-too-long,933 words
132,text-too-long,1148 words
133,text-too-long,569 words
135,text-too-long,1120 words
136,text-too-long,769 words
137,text-too-long,1009 words
138,text-too-long,1286 words
139,text-too-long,1003 words
140,text-too-long,1830 words
141,text-too-long,2746 words
143,text-too-long,513 words
144,text-too-long,2527 words
145,text-too-long,1052 words
146,text-too-long,836 words
147,duration-hint-out-of-range,624.00s
148,text-too-long,1112 words
149,duration-hint-out-of-range,630.00s
150,text-too-long,1155 words
151,text-too-long,1107 words
153,text-too-long,1745 words
154,text-too-long,1366 words
155,text-too-long,1444 words
157,text-too-long,569 words
158,text-too-long,788 words
159,text-too-long,1006 words
160,text-too-long,2561 words
162,duration-hint-out-of-range,648.00s
163,text-too-long,1228 words
164,text-too-long,1885 words
165,text-too-long,1734 words
167,text-too-long,2557 words
168,text-too-long,816 words
169,text-too-long,538 words
171,text-too-long,2360 words
172,text-too-long,1922 words
173,text-too-long,800 words
174,text-too-long,2536 words
175,text-too-long,526 words
176,text-too-long,917 words
178,text-too-long,3877 words
179,text-too-long,855 words
180,text-too-long,3236 words
182,text-too-long,1708 words
184,text-too-long,4350 words
185,text-too-long,1419 words
188,text-too-long,3021 words
189,text-too-long,3437 words
190,text-too-long,3322 words
192,text-too-long,679 words
193,text-too-long,1031 words
195,duration-hint-out-of-range,650.00s
196,text-too-long,2883 words
197,text-too-long,1755 words
198,text-too-long,2080 words
200,text-too-long,722 words
201,text-too-long,714 words
202,text-too-long,700 words
205,text-too-long,831 words
207,text-too-long,2438 words
210,text-too-long,1856 words
211,duration-hint-out-of-range,638.00s
213,text-too-long,2059 words
214,text-too-long,1122 words
216,text-too-long,2626 words
217,text-too-long,2081 words
218,text-too-long,2381 words
220,text-too-long,1756 words
221,text-too-long,1498 words
222,text-too-long,1669 words
223,text-too-long,2309 words
224,text-too-long,3404 words
226,text-too-long,3179 words
227,text-too-long,1713 words
228,text-too-long,822 words
229,duration-hint-out-of-range,640.00s
230,duration-hint-out-of-range,643.00s
231,text-too-long,1103 words
232,text-too-long,703 words
235,text-too-long,545 words
236,text-too-long,563 words
237,text-too-long,1342 words
238,text-too-long,567 words
239,text-too-long,1261 words
241,text-too-long,2173 words
243,text-too-long,1625 words
246,text-too-long,647 words
248,text-too-long,3589 words
249,duration-hint-out-of-range,603.00s
253,text-too-long,1755 words
254,text-too-long,1731 words
255,duration-hint-out-of-range,602.00s
256,duration-hint-out-of-range,620.00s
257,text-too-long,4126 words
258,text-too-long,1078 words
259,text-too-long,1112 words
260,text-too-long,674 words
262,text-too-long,641 words
263,text-too-long,800 words
264,text-too-long,681 words
265,text-too-long,571 words
266,text-too-long,1328 words
267,text-too-long,1950 words
268,text-too-long,1341 words
269,text-too-long,2381 words
271,text-too-long,2390 words
272,text-too-long,1685 words
273,text-too-long,1602 words
274,text-too-long,3762 words
277,duration-hint-out-of-range,629.00s
278,text-too-long,1608 words
279,text-too-long,2755 words
282,text-too-long,1834 words
283,text-too-long,1900 words
285,duration-hint-out-of-range,646.00s
286,text-too-long,2099 words
289,duration-hint-out-of-range,632.00s
293,text-too-long,944 words
294,text-too-long,1424 words
296,text-too-long,1398 words
297,text-too-long,654 words
298,text-too-long,2326 words
300,text-too-long,1797 words
301,text-too-long,651 words
302,text-too-long,2739 words
304,text-too-long,1385 words
305,text-too-long,1789 words
307,text-too-long,584 words
308,text-too-long,1838 words
309,text-too-long,613 words
310,text-too-long,808 words
311,text-too-long,629 words
312,text-too-long,1341 words
313,duration-hint-out-of-range,641.00s
314,duration-hint-out-of-range,632.00s
315,text-too-long,734 words
316,text-too-long,2692 words
317,text-too-long,575 words
319,text-too-long,901 words
320,text-too-long,1412 words
321,text-too-long,562 words
323,text-too-long,1267 words
324,text-too-long,881 words
325,text-too-long,1975 words
327,text-too-long,574 words
328,text-too-long,1127 words
330,text-too-long,3144 words
331,text-too-long,1372 words
333,text-too-long,2344 words
337,duration-hint-out-of-range,654.00s
338,text-too-long,2278 words
341,text-too-long,2008 words
343,text-too-long,2504 words
344,text-too-long,822 words
345,text-too-long,1721 words
347,text-too-long,1451 words
348,text-too-long,2434 words
349,text-too-long,1076 words
350,text-too-long,1436 words
351,text-too-long,602 words
352,text-too-long,1419 words
353,text-too-long,1441 words
354,text-too-long,1744 words
356,duration-hint-out-of-range,651.00s
358,text-too-long,682 words
359,text-too-long,2200 words
360,text-too-long,2195 words
361,text-too-long,906 words
363,text-too-long,751 words
364,text-too-long,1729 words
365,text-too-long,658 words
366,duration-hint-out-of-range,621.00s
367,text-too-long,1235 words
368,text-too-long,1055 words
369,text-too-long,781 words
370,text-too-long,1634 words
371,text-too-long,744 words
372,text-too-long,3583 words
373,duration-hint-out-of-range,602.00s
374,text-too-long,2405 words
375,text-too-long,1580 words
376,text-too-long,2226 words
377,text-too-long,1337 words
378,text-too-long,2238 words
379,text-too-long,1849 words
380,text-too-long,877 words
381,text-too-long,3642 words
382,text-too-long,2040 words
385,text-too-long,794 words
386,text-too-long,1184 words
387,duration-hint-out-of-range,629.00s
388,text-too-long,818 words
389,duration-hint-out-of-range,611.00s
391,text-too-long,1469 words
393,text-too-long,871 words
395,text-too-long,1945 words
396,text-too-long,1158 words
397,text-too-long,1298 words
398,duration-hint-out-of-range,656.00s
399,text-too-long,2750 words
400,text-too-long,2132 words
401,text-too-long,912 words
402,duration-hint-out-of-range,622.00s
403,duration-hint-out-of-range,634.00s
404,text-too-long,2190 words
405,text-too-long,1705 words
406,text-too-long,577 words
408,duration-hint-out-of-range,644.00s
409,text-too-long,1348 words
410,duration-hint-out-of-range,633.00s
411,duration-hint-out-of-range,646.00s
412,text-too-long,1909 words
413,text-too-long,947 words
414,text-too-long,767 words
416,text-too-long,1475 words
417,text-too-long,735 words
420,duration-hint-out-of-range,656.00s
421,text-too-long,1831 words
422,text-too-long,880 words
425,text-too-long,2245 words
427,duration-hint-out-of-range,641.00s
428,text-too-long,1483 words
430,text-too-long,745 words
431,text-too-long,3260 words
434,text-too-long,2775 words
435,text-too-long,974 words
436,text-too-long,2215 words
439,text-too-long,1069 words
440,text-too-long,739 words
445,text-too-long,1887 words
446,text-too-long,2177 words
447,text-too-long,1364 words
448,text-too-long,1849 words
449,text-too-long,720 words
450,text-too-long,2699 words
451,text-too-long,679 words
452,text-too-long,2179 words
454,text-too-long,2269 words
456,text-too-long,1610 words
457,text-too-long,630 words
458,text-too-long,4093 words
459,text-too-long,2571 words
460,duration-hint-out-of-range,632.00s
461,text-too-long,2093 words
462,text-too-long,3119 words
463,text-too-long,1236 words
465,duration-hint-out-of-range,608.00s
466,text-too-long,751 words
468,text-too-long,529 words
469,text-too-long,1053 words
470,text-too-long,2298 words
471,text-too-long,3023 words
472,text-too-long,799 words
473,text-too-long,2773 words
474,text-too-long,4173 words
476,text-too-long,555 words
477,text-too-long,899 words
478,text-too-long,3411 words
480,text-too-long,3498 words
481,text-too-long,720 words
482,text-too-long,3414 words
483,text-too-long,1687 words
485,text-too-long,939 words
486,text-too-long,1837 words
487,text-too-long,707 words
488,text-too-long,848 words
489,text-too-long,2472 words
490,text-too-long,1603 words
491,text-too-long,612 words
493,text-too-long,1262 words
494,text-too-long,1630 words
495,text-too-long,1475 words
496,text-too-long,1704 words
498,text-too-long,761 words
499,text-too-long,3667 words
500,text-too-long,1254 words
501,text-too-long,1199 words
502,text-too-long,2707 words
504,text-too-long,2371 words
505,text-too-long,2510 words
506,text-too-long,539 words
507,text-too-long,1002 words
508,text-too-long,1094 words
510,text-too-long,2376 words
511,text-too-long,546 words
512,text-too-long,3463 words
513,text-too-long,2785 words
514,text-too-long,707 words
515,text-too-long,975 words
516,text-too-long,1415 words
518,text-too-long,2383 words
520,text-too-long,984 words
522,duration-hint-out-of-range,629.00s
523,text-too-long,741 words
525,text-too-long,3656 words
526,text-too-long,1850 words
527,text-too-long,1049 words
528,text-too-long,2741 words
529,text-too-long,2007 words
530,text-too-long,3931 words
531,text-too-long,1651 words
532,text-too-long,2803 words
533,text-too-long,1065 words
534,text-too-long,1174 words
535,text-too-long,1688 words
537,duration-hint-out-of-range,641.00s
538,text-too-long,2894 words
539,text-too-long,3071 words
540,text-too-long,552 words
541,text-too-long,1093 words
542,duration-hint-out-of-range,624.00s
543,text-too-long,861 words
544,text-too-long,782 words
546,text-too-long,1144 words
547,text-too-long,3491 words
548,text-too-long,1591 words
550,text-too-long,800 words
553,text-too-long,566 words
554,text-too-long,2377 words
556,text-too-long,3327 words
557,text-too-long,744 words
558,text-too-long,580 words
559,text-too-long,1832 words
560,duration-hint-out-of-range,627.00s
561,text-too-long,3726 words
562,text-too-long,733 words
563,text-too-long,1719 words
564,text-too-long,527 words
565,text-too-long,1435 words
566,duration-hint-out-of-range,625.00s
567,text-too-long,2318 words
569,text-too-long,1837 words
571,text-too-long,1674 words
572,text-too-long,1898 words
574,text-too-long,557 words
575,text-too-long,1209 words
576,text-too-long,2397 words
577,text-too-long,2713 words
578,duration-hint-out-of-range,646.00s
579,text-too-long,2089 words
580,duration-hint-out-of-range,642.00s
581,text-too-long,712 words
582,text-too-long,1044 words
583,text-too-long,1173 words
584,text-too-long,1156 words
585,text-too-long,815 words
586,text-too-long,1065 words
589,text-too-long,2652 words
591,text-too-long,1071 words
592,text-too-long,2500 words
594,text-too-long,1089 words
595,text-too-long,3707 words
596,duration-hint-out-of-range,603.00s
597,text-too-long,1728 words
598,text-too-long,1586 words
599,text-too-long,3678 words
601,text-too-long,2532 words
603,duration-hint-out-of-range,618.00s
604,text-too-long,866 words
606,text-too-long,1182 words
607,text-too-long,531 words
608,text-too-long,1756 words
609,text-too-long,1168 words
610,text-too-long,682 words
611,text-too-long,821 words
613,text-too-long,793 words
614,duration-hint-out-of-range,611.00s
615,text-too-long,3232 words
616,text-too-long,1529 words
617,duration-hint-out-of-range,620.00s
618,text-too-long,1188 words
621,text-too-long,628 words
622,duration-hint-out-of-range,656.00s
623,text-too-long,779 words
624,text-too-long,1408 words
627,text-too-long,2315 words
628,text-too-long,864 words
629,text-too-long,2871 words
631,text-too-long,2805 words
632,duration-hint-out-of-range,631.00s
633,text-too-long,690 words
634,text-too-long,1343 words
636,text-too-long,3046 words
638,text-too-long,1175 words
640,text-too-long,619 words
641,text-too-long,1434 words
642,text-too-long,918 words
644,text-too-long,2019 words
645,text-too-long,1024 words
646,text-too-long,1988 words
647,text-too-long,1762 words
649,duration-hint-out-of-range,631.00s
650,text-too-long,668 words
652,text-too-long,1065 words
654,text-too-long,1947 words
655,text-too-long,1044 words
657,text-too-long,549 words
659,text-too-long,1513 words
660,text-too-long,741 words
661,text-too-long,1426 words
662,text-too-long,1967 words
663,text-too-long,551 words
664,text-too-long,1503 words
665,text-too-long,1185 words
666,duration-hint-out-of-range,602.00s
667,text-too-long,1503 words
668,duration-hint-out-of-range,610.00s
670,text-too-long,1650 words
672,text-too-long,2001 words
673,text-too-long,1319 words
675,text-too-long,1106 words
677,text-too-long,1529 words
678,text-too-long,1961 words
681,text-too-long,1894 words
684,text-too-long,1648 words
685,text-too-long,2111 words
686,text-too-long,891 words
687,text-too-long,3746 words
688,text-too-long,1483 words
689,text-too-long,1205 words
690,text-too-long,1666 words
691,text-too-long,791 words
693,text-too-long,3543 words
694,duration-hint-out-of-range,645.00s
696,duration-hint-out-of-range,628.00s
697,text-too-long,4074 words
698,text-too-long,649 words
699,text-too-long,2630 words
700,text-too-long,527 words
701,text-too-long,765 words
702,text-too-long,536 words
703,text-too-long,2225 words
704,text-too-long,1319 words
705,materialize-or-sanity-failed,near-video-duplicate
706,text-too-long,792 words
709,text-too-long,3346 words
712,text-too-long,1779 words
713,text-too-long,1573 words
714,duration-hint-out-of-range,651.00s
716,text-too-long,934 words
717,text-too-long,3485 words
718,text-too-long,1538 words
719,text-too-long,1125 words
721,text-too-long,950 words
723,text-too-long,3896 words
724,text-too-long,900 words
725,duration-hint-out-of-range,650.00s
726,text-too-long,1123 words
728,text-too-long,716 words
729,text-too-long,1794 words
730,text-too-long,984 words
732,text-too-long,810 words
733,text-too-long,1057 words
734,text-too-long,1122 words
738,text-too-long,857 words
740,text-too-long,846 words
741,text-too-long,2702 words
742,text-too-long,1323 words
745,duration-hint-out-of-range,619.00s
746,text-too-long,2433 words
747,text-too-long,854 words
748,text-too-long,2633 words
749,text-too-long,1665 words
750,text-too-long,2057 words
752,text-too-long,2957 words
754,text-too-long,2066 words
758,text-too-long,1766 words
760,text-too-long,2776 words
761,text-too-long,2812 words
762,text-too-long,1744 words
763,text-too-long,3356 words
764,text-too-long,663 words
767,text-too-long,811 words
768,text-too-long,1006 words
769,text-too-long,1858 words
772,text-too-long,2441 words
775,text-too-long,1644 words
776,text-too-long,972 words
777,text-too-long,1267 words
778,text-too-long,1550 words
779,text-too-long,2650 words
780,text-too-long,3215 words
781,text-too-long,2077 words
784,duration-hint-out-of-range,641.00s
785,text-too-long,1245 words
786,duration-hint-out-of-range,604.00s
787,text-too-long,2070 words
788,text-too-long,802 words
790,text-too-long,668 words
791,text-too-long,1467 words
792,text-too-long,2502 words
793,text-too-long,2113 words
797,text-too-long,2143 words
798,text-too-long,626 words
799,text-too-long,526 words
802,text-too-long,1333 words
803,duration-hint-out-of-range,606.00s
804,text-too-long,2691 words
805,text-too-long,1549 words
806,text-too-long,928 words
808,text-too-long,2513 words
810,text-too-long,2009 words
812,text-too-long,2875 words
813,text-too-long,2171 words
814,text-too-long,624 words
816,text-too-long,2904 words
817,text-too-long,959 words
821,duration-hint-out-of-range,655.00s
823,duration-hint-out-of-range,637.00s
824,text-too-long,1554 words
825,text-too-long,1778 words
826,text-too-long,1044 words
827,text-too-long,739 words
828,text-too-long,2014 words
829,text-too-long,3482 words
830,text-too-long,1978 words
833,text-too-long,1507 words
835,text-too-long,3249 words
837,text-too-long,2019 words
838,text-too-long,2274 words
839,text-too-long,1203 words
840,text-too-long,3340 words
841,text-too-long,2197 words
842,text-too-long,1208 words
843,text-too-long,1410 words
844,text-too-long,1086 words
845,text-too-long,840 words
846,text-too-long,1082 words
847,text-too-long,1287 words
848,text-too-long,2011 words
850,text-too-long,1151 words
851,text-too-long,988 words
852,text-too-long,1125 words
853,text-too-long,788 words
854,text-too-long,639 words
855,text-too-long,530 words
856,duration-hint-out-of-range,615.00s
857,text-too-long,4231 words
859,text-too-long,516 words
860,duration-hint-out-of-range,634.00s
861,text-too-long,547 words
862,text-too-long,1902 words
864,text-too-long,2239 words
865,text-too-long,544 words
866,text-too-long,1794 words
868,text-too-long,787 words
869,text-too-long,1532 words
870,text-too-long,1761 words
871,text-too-long,1448 words
872,text-too-long,2792 words
873,text-too-long,989 words
875,text-too-long,2707 words
878,text-too-long,934 words
879,duration-hint-out-of-range,618.00s
881,text-too-long,2145 words
882,duration-hint-out-of-range,620.00s
885,text-too-long,2770 words
886,text-too-long,1520 words
887,text-too-long,1104 words
888,text-too-long,764 words
889,text-too-long,675 words
891,text-too-long,3027 words
893,duration-hint-out-of-range,603.00s
894,text-too-long,951 words
897,text-too-long,2845 words
898,text-too-long,2222 words
899,text-too-long,615 words
901,text-too-long,1738 words
902,text-too-long,734 words
904,text-too-long,2025 words
906,text-too-long,1358 words
907,text-too-long,656 words
909,text-too-long,976 words
911,text-too-long,2348 words
912,duration-hint-out-of-range,651.00s
914,text-too-long,2581 words
915,duration-hint-out-of-range,610.00s
916,text-too-long,4487 words
917,duration-hint-out-of-range,652.00s
920,text-too-long,1043 words
921,text-too-long,578 words
923,duration-hint-out-of-range,628.00s
925,text-too-long,625 words
926,duration-hint-out-of-range,612.00s
929,text-too-long,1701 words
930,text-too-long,836 words
931,text-too-long,1095 words
933,text-too-long,1584 words
935,text-too-long,1337 words
936,text-too-long,667 words
937,text-too-long,3219 words
939,text-too-long,1341 words
941,text-too-long,1431 words
942,text-too-long,1350 words
943,text-too-long,2735 words
945,text-too-long,707 words
946,text-too-long,2290 words
947,text-too-long,1368 words
948,text-too-long,974 words
949,text-too-long,1550 words
952,text-too-long,2124 words
954,text-too-long,1555 words
955,text-too-long,1487 words
956,text-too-long,1347 words
957,text-too-long,2920 words
958,text-too-long,585 words
959,text-too-long,3406 words
960,text-too-long,1254 words
963,duration-hint-out-of-range,629.00s
965,text-too-long,3745 words
966,text-too-long,1280 words
968,text-too-long,3344 words
970,text-too-long,2543 words
971,text-too-long,1856 words
972,text-too-long,3350 words
973,text-too-long,1398 words
974,text-too-long,2147 words
975,text-too-long,1922 words
976,text-too-long,783 words
978,text-too-long,1770 words
979,text-too-long,721 words
980,text-too-long,2064 words
981,text-too-long,827 words
982,text-too-long,1867 words
983,text-too-long,1676 words
985,text-too-long,627 words
986,duration-hint-out-of-range,623.00s
987,text-too-long,1376 words
988,text-too-long,881 words
989,text-too-long,1096 words
992,text-too-long,759 words
993,text-too-long,2927 words
994,text-too-long,1850 words
997,text-too-long,1853 words
999,text-too-long,2254 words
1000,text-too-long,2851 words
1001,text-too-long,2858 words
1002,text-too-long,1412 words
1003,text-too-long,2473 words
1005,text-too-long,528 words
1006,text-too-long,619 words
1007,text-too-long,936 words
1011,text-too-long,531 words
1012,text-too-long,1502 words
1014,text-too-long,2728 words
1015,text-too-long,524 words
1017,duration-hint-out-of-range,636.00s
1018,text-too-long,985 words
1020,text-too-long,2894 words
1023,text-too-long,2391 words
1024,text-too-long,585 words
1025,text-too-long,1917 words
1026,text-too-long,877 words
1029,text-too-long,752 words
1031,text-too-long,3311 words
1033,text-too-long,730 words
1035,text-too-long,829 words
1038,text-too-long,656 words
1039,text-too-long,535 words
1040,text-too-long,1156 words
1041,text-too-long,1316 words
1042,text-too-long,2015 words
1043,text-too-long,1547 words
1044,text-too-long,1115 words
1045,text-too-long,2141 words
1048,text-too-long,1056 words
1049,text-too-long,4225 words
1051,text-too-long,1450 words
1052,text-too-long,2207 words
1053,duration-hint-out-of-range,641.00s
1055,text-too-long,1789 words
1056,text-too-long,1248 words
1057,text-too-long,1041 words
1058,text-too-long,3199 words
1059,text-too-long,3640 words
1060,text-too-long,2342 words
1061,text-too-long,520 words
1062,text-too-long,1365 words
1063,text-too-long,1064 words
1064,text-too-long,2549 words
1066,text-too-long,4197 words
1067,text-too-long,3009 words
1070,text-too-long,961 words
1071,text-too-long,1391 words
1072,text-too-long,2062 words
1073,duration-hint-out-of-range,602.00s
1074,text-too-long,1283 words
1076,text-too-long,1622 words
1078,text-too-long,1789 words
1079,text-too-long,901 words
1080,text-too-long,642 words
1081,text-too-long,2320 words
1083,text-too-long,2232 words
1084,text-too-long,1864 words
1085,text-too-long,1879 words
1087,text-too-long,1630 words
1089,text-too-long,857 words
1091,text-too-long,2219 words
1092,text-too-long,1179 words
1093,text-too-long,2075 words
1095,duration-hint-out-of-range,655.00s
1096,text-too-long,3907 words
1098,text-too-long,1131 words
1099,text-too-long,2406 words
1100,text-too-long,635 words
1102,text-too-long,911 words
1103,text-too-long,1008 words
1108,duration-hint-out-of-range,630.00s
1110,text-too-long,758 words
1111,text-too-long,2856 words
1112,text-too-long,2144 words
1113,text-too-long,1019 words
1114,duration-hint-out-of-range,605.00s
1115,text-too-long,1920 words
1116,text-too-long,2945 words
1117,text-too-long,2841 words
1118,text-too-long,2309 words
1119,text-too-long,550 words
1122,duration-hint-out-of-range,658.00s
1124,duration-hint-out-of-range,629.00s
1125,text-too-long,665 words
1127,text-too-long,1719 words
1128,text-too-long,1458 words
1129,text-too-long,3523 words
1130,text-too-long,1966 words
1131,text-too-long,1333 words
1135,text-too-long,997 words
1138,text-too-long,1760 words
1140,text-too-long,1230 words
1141,duration-hint-out-of-range,601.00s
1142,duration-hint-out-of-range,615.00s
1143,text-too-long,771 words
1144,text-too-long,2086 words
1145,text-too-long,3245 words
1146,text-too-long,2294 words
1147,text-too-long,1959 words
1148,text-too-long,1772 words
1149,text-too-long,530 words
1150,text-too-long,2502 words
1151,text-too-long,2830 words
1152,text-too-long,1182 words
1153,text-too-long,1210 words
1154,text-too-long,1389 words
1155,text-too-long,3054 words
1156,text-too-long,1437 words
1157,text-too-long,1731 words
1158,text-too-long,2264 words
1160,text-too-long,981 words
1161,duration-hint-out-of-range,603.00s
1162,text-too-long,1764 words
1163,text-too-long,3344 words
1164,text-too-long,3025 words
1165,text-too-long,1178 words
1171,duration-hint-out-of-range,632.00s
1173,text-too-long,1795 words
1174,text-too-long,889 words
1175,text-too-long,1471 words
1177,text-too-long,1671 words
1178,text-too-long,757 words
1179,text-too-long,1478 words
1180,text-too-long,1586 words
1181,text-too-long,530 words
1182,text-too-long,3924 words
1185,text-too-long,2057 words
1186,text-too-long,545 words
1187,text-too-long,1166 words
1188,duration-hint-out-of-range,632.00s
1190,text-too-long,942 words
1191,text-too-long,1529 words
1192,text-too-long,1420 words
1193,text-too-long,1171 words
1194,text-too-long,850 words
1195,text-too-long,1219 words
1196,text-too-long,1128 words
1197,duration-hint-out-of-range,618.00s
1198,text-too-long,1165 words
1200,duration-hint-out-of-range,608.00s
1201,text-too-long,1845 words
1202,text-too-long,2082 words
1204,text-too-long,1244 words
1205,text-too-long,1826 words
1206,text-too-long,3115 words
1207,text-too-long,874 words
1208,duration-hint-out-of-range,601.00s
1210,text-too-long,841 words
1211,text-too-long,1491 words
1212,text-too-long,887 words
1213,duration-hint-out-of-range,656.00s
1214,text-too-long,734 words
1217,text-too-long,3023 words
1221,text-too-long,1539 words
1222,text-too-long,636 words
1224,text-too-long,3954 words
1225,text-too-long,1714 words
1226,text-too-long,1298 words
1230,text-too-long,1915 words
1233,text-too-long,913 words
1234,text-too-long,2283 words
1235,text-too-long,606 words
1236,text-too-long,3718 words
1237,text-too-long,1769 words
1239,duration-hint-out-of-range,611.00s
1240,text-too-long,1260 words
1241,text-too-long,1750 words
1242,text-too-long,2873 words
1243,text-too-long,865 words
1244,text-too-long,1308 words
1245,text-too-long,1096 words
1250,text-too-long,1227 words
1251,duration-hint-out-of-range,645.00s
1252,text-too-long,2151 words
1254,text-too-long,1804 words
1255,text-too-long,542 words
1256,text-too-long,845 words
1258,text-too-long,821 words
1259,text-too-long,3528 words
1261,text-too-long,831 words
1264,text-too-long,574 words
1265,text-too-long,778 words
1266,text-too-long,886 words
1267,text-too-long,1869 words
1268,text-too-long,568 words
1269,text-too-long,1969 words
1271,text-too-long,1642 words
1273,text-too-long,938 words
1278,text-too-long,2208 words
1279,text-too-long,740 words
1280,text-too-long,2582 words
1281,text-too-long,1419 words
1283,duration-hint-out-of-range,604.00s
1286,text-too-long,1206 words
1287,text-too-long,1888 words
1288,text-too-long,1959 words
1289,text-too-long,1245 words
1291,text-too-long,653 words
1292,text-too-long,1230 words
1294,text-too-long,1957 words
1295,text-too-long,1549 words
1297,text-too-long,642 words
1300,text-too-long,980 words
1301,text-too-long,1311 words
1302,text-too-long,1930 words
1303,text-too-long,2051 words
1304,text-too-long,2442 words
1305,text-too-long,1298 words
1308,text-too-long,925 words
1310,text-too-long,1108 words
1312,text-too-long,1239 words
1314,text-too-long,649 words
1316,duration-hint-out-of-range,649.00s
1318,text-too-long,907 words
1319,text-too-long,2023 words
1322,text-too-long,1517 words
1323,text-too-long,912 words
1324,text-too-long,1128 words
1325,duration-hint-out-of-range,625.00s
1326,text-too-long,2043 words
1327,text-too-long,1632 words
1328,text-too-long,1666 words
1329,text-too-long,2178 words
1331,text-too-long,1812 words
1332,text-too-long,1209 words
1333,text-too-long,2262 words
1334,text-too-long,577 words
1335,duration-hint-out-of-range,605.00s
1336,text-too-long,3091 words
1337,text-too-long,4013 words
1340,text-too-long,2108 words
1342,text-too-long,3505 words
1343,duration-hint-out-of-range,610.00s
1344,text-too-long,1352 words
1346,duration-hint-out-of-range,619.00s
1347,text-too-long,1788 words
1348,text-too-long,991 words
1349,text-too-long,3357 words
1351,text-too-long,2646 words
1352,text-too-long,3553 words
1353,text-too-long,2460 words
1354,text-too-long,2212 words
1355,text-too-long,3737 words
1357,text-too-long,1386 words
1358,text-too-long,775 words
1359,text-too-long,916 words
1360,text-too-long,676 words
1361,text-too-long,1623 words
1363,text-too-long,970 words
1364,text-too-long,2576 words
1365,text-too-long,544 words
1366,text-too-long,976 words
1367,text-too-long,2833 words
1368,duration-hint-out-of-range,619.00s
1370,duration-hint-out-of-range,614.00s
1372,text-too-long,4373 words
1373,text-too-long,701 words
1374,text-too-long,2785 words
1375,text-too-long,827 words
1378,text-too-long,515 words
1379,text-too-long,1813 words
1380,text-too-long,2337 words
1381,text-too-long,545 words
1382,text-too-long,669 words
1383,text-too-long,1121 words
1384,text-too-long,1014 words
1385,text-too-long,1588 words
1387,text-too-long,1505 words
1389,text-too-long,1169 words
1391,text-too-long,2100 words
1392,text-too-long,1518 words
1394,duration-hint-out-of-range,606.00s
1395,text-too-long,628 words
1396,text-too-long,2301 words
1398,text-too-long,766 words
1399,text-too-long,2540 words
1401,text-too-long,1489 words
1402,text-too-long,1843 words
1403,text-too-long,1097 words
1404,text-too-long,1205 words
1405,text-too-long,1734 words
1407,text-too-long,1011 words
1409,text-too-long,687 words
1411,text-too-long,519 words
1412,text-too-long,894 words
1413,text-too-long,1107 words
1414,text-too-long,1438 words
1415,text-too-long,1046 words
1416,text-too-long,3119 words
1417,text-too-long,1313 words
1418,duration-hint-out-of-range,611.00s
1419,text-too-long,1057 words
1422,text-too-long,1125 words
1423,text-too-long,1193 words
1424,duration-hint-out-of-range,622.00s
1426,duration-hint-out-of-range,618.00s
1427,text-too-long,771 words
1429,duration-hint-out-of-range,603.00s
1431,text-too-long,3551 words
1432,text-too-long,1050 words
1433,text-too-long,2141 words
1434,text-too-long,596 words
1435,text-too-long,867 words
1436,text-too-long,1593 words
1437,duration-hint-out-of-range,641.00s
1439,text-too-long,886 words
1440,text-too-long,2297 words
1442,text-too-long,1687 words
1444,duration-hint-out-of-range,631.00s
1445,text-too-long,896 words
1446,text-too-long,1490 words
1447,text-too-long,2093 words
1449,text-too-long,3297 words
1451,text-too-long,2525 words
1452,text-too-long,1136 words
1453,text-too-long,2777 words
1454,text-too-long,1555 words
1455,text-too-long,2131 words
1457,text-too-long,2273 words
1458,text-too-long,783 words
1459,text-too-long,1763 words
1461,text-too-long,1032 words
1463,duration-hint-out-of-range,606.00s
1465,text-too-long,901 words
1466,text-too-long,525 words
1467,text-too-long,583 words
1469,text-too-long,686 words
1471,text-too-long,801 words
1472,duration-hint-out-of-range,643.00s
1473,text-too-long,3204 words
1474,duration-hint-out-of-range,644.00s
1475,text-too-long,790 words
1476,text-too-long,1366 words
1477,text-too-long,3342 words
1479,text-too-long,593 words
1480,duration-hint-out-of-range,610.00s
1481,text-too-long,983 words
1482,text-too-long,1751 words
1483,text-too-long,1995 words
1484,text-too-long,1370 words
1486,text-too-long,1275 words
1487,text-too-long,4269 words
1489,text-too-long,743 words
1491,text-too-long,1035 words
1492,text-too-long,752 words
1493,text-too-long,3748 words
1494,text-too-long,1896 words
1495,text-too-long,1392 words
1496,text-too-long,1058 words
1497,text-too-long,1640 words
1499,text-too-long,1669 words
1501,text-too-long,803 words
1502,text-too-long,1506 words
1503,text-too-long,701 words
1504,text-too-long,3946 words
1505,duration-hint-out-of-range,616.00s
1507,text-too-long,681 words
1510,duration-hint-out-of-range,649.00s
1511,text-too-long,2364 words
1514,text-too-long,1779 words
1516,text-too-long,1022 words
1517,text-too-long,543 words
1519,text-too-long,653 words
1522,duration-hint-out-of-range,627.00s
1523,text-too-long,1543 words
1524,text-too-long,1173 words
1526,text-too-long,991 words
1527,text-too-long,2176 words
1528,text-too-long,1225 words
1529,text-too-long,3223 words
1531,text-too-long,1723 words
1532,text-too-long,1882 words
1534,text-too-long,713 words
1535,text-too-long,2726 words
1536,text-too-long,617 words
1537,text-too-long,1351 words
1539,text-too-long,2193 words
1542,text-too-long,1673 words
1544,text-too-long,1640 words
1545,duration-hint-out-of-range,632.00s
1546,text-too-long,1088 words
1547,text-too-long,2547 words
1548,text-too-long,1301 words
1551,text-too-long,1611 words
1552,text-too-long,3402 words
1553,text-too-long,863 words
1554,text-too-long,836 words
1555,text-too-long,2509 words
1556,text-too-long,1146 words
1557,text-too-long,2476 words
1558,text-too-long,2307 words
1559,text-too-long,592 words
1560,text-too-long,769 words
1562,text-too-long,3805 words
1564,text-too-long,717 words
1565,text-too-long,1927 words
1567,text-too-long,1024 words
1568,text-too-long,2649 words
1569,text-too-long,3331 words
1573,text-too-long,2246 words
1574,text-too-long,821 words
1575,text-too-long,673 words
1579,text-too-long,997 words
1580,text-too-long,1669 words
1581,text-too-long,2037 words
1583,text-too-long,2125 words
1584,text-too-long,1175 words
1585,text-too-long,647 words
1586,text-too-long,2124 words
1587,text-too-long,656 words
1589,text-too-long,1908 words
1591,text-too-long,1687 words
1593,text-too-long,2258 words
1597,text-too-long,3438 words
1598,text-too-long,648 words
1600,duration-hint-out-of-range,647.00s
1602,text-too-long,951 words
1603,text-too-long,2187 words
1605,text-too-long,2235 words
1607,duration-hint-out-of-range,647.00s
1609,text-too-long,1853 words
1610,text-too-long,878 words
1611,text-too-long,1412 words
1612,text-too-long,842 words
1613,duration-hint-out-of-range,601.00s
1614,text-too-long,2332 words
1617,text-too-long,2181 words
1619,text-too-long,3861 words
1620,text-too-long,932 words
1621,text-too-long,1067 words
1623,text-too-long,2018 words
1624,text-too-long,755 words
1625,text-too-long,1513 words
1627,text-too-long,644 words
1628,text-too-long,3915 words
1629,duration-hint-out-of-range,613.00s
1630,text-too-long,2011 words
1634,text-too-long,924 words
1636,text-too-long,2639 words
1637,duration-hint-out-of-range,602.00s
1639,text-too-long,2973 words
1641,text-too-long,2257 words
1643,text-too-long,551 words
1644,text-too-long,1025 words
1645,text-too-long,931 words
1646,text-too-long,1430 words
1647,text-too-long,1180 words
1648,text-too-long,3085 words
1649,text-too-long,1001 words
1650,text-too-long,1682 words
1651,text-too-long,1947 words
1652,text-too-long,1382 words
1653,text-too-long,862 words
1654,text-too-long,3082 words
1656,text-too-long,1243 words
1657,text-too-long,593 words
1658,duration-hint-out-of-range,617.00s
1659,duration-hint-out-of-range,606.00s
1660,duration-hint-out-of-range,644.00s
1661,text-too-long,2521 words
1662,text-too-long,700 words
1663,text-too-long,664 words
1664,text-too-long,2011 words
1665,text-too-long,3229 words
1666,text-too-long,2406 words
1668,text-too-long,2017 words
1669,text-too-long,1174 words
1670,text-too-long,2090 words
1671,duration-hint-out-of-range,633.00s
1672,text-too-long,2932 words
1673,text-too-long,858 words
1675,text-too-long,1515 words
1677,text-too-long,3151 words
1679,text-too-long,1987 words
1681,text-too-long,2237 words
1682,text-too-long,1054 words
1683,duration-hint-out-of-range,649.00s
1684,text-too-long,2467 words
1685,text-too-long,959 words
1686,text-too-long,2354 words
1687,duration-hint-out-of-range,605.00s
1689,duration-hint-out-of-range,629.00s
1690,text-too-long,2308 words
1691,text-too-long,1538 words
1692,text-too-long,771 words
1694,text-too-long,1520 words
1695,text-too-long,1218 words
1696,text-too-long,551 words
1697,text-too-long,2059 words
1698,text-too-long,758 words
1699,text-too-long,579 words
1700,duration-hint-out-of-range,653.00s
1702,text-too-long,1329 words
1703,text-too-long,3081 words
1704,text-too-long,4091 words
1705,text-too-long,1860 words
1706,text-too-long,1352 words
1707,text-too-long,607 words
1708,text-too-long,664 words
1709,text-too-long,4687 words
1711,text-too-long,2053 words
1712,text-too-long,1285 words
1714,text-too-long,2519 words
1716,text-too-long,1297 words
1717,text-too-long,2384 words
1719,text-too-long,626 words
1720,text-too-long,696 words
1721,text-too-long,1603 words
1722,text-too-long,682 words
1724,text-too-long,1536 words
1725,text-too-long,1038 words
1726,text-too-long,637 words
1727,text-too-long,3434 words
1728,text-too-long,3085 words
1729,text-too-long,1134 words
1730,text-too-long,1420 words
1732,text-too-long,1258 words
1733,text-too-long,528 words
1734,text-too-long,1327 words
1735,text-too-long,1288 words
1738,text-too-long,3290 words
1739,text-too-long,1329 words
1740,text-too-long,2623 words
1742,duration-hint-out-of-range,624.00s
1743,text-too-long,1170 words
1744,text-too-long,695 words
1746,text-too-long,1712 words
1747,text-too-long,1293 words
1748,text-too-long,1724 words
1749,duration-hint-out-of-range,607.00s
1750,text-too-long,2832 words
1751,duration-hint-out-of-range,605.00s
1752,text-too-long,1810 words
1753,text-too-long,2177 words
1754,text-too-long,2234 words
1755,text-too-long,951 words
1757,text-too-long,2341 words
1758,text-too-long,1415 words
1760,text-too-long,3509 words
1761,text-too-long,561 words
1762,text-too-long,828 words
1763,text-too-long,597 words
1764,text-too-long,2690 words
1765,text-too-long,3514 words
1766,text-too-long,2656 words
1767,text-too-long,1217 words
1770,text-too-long,2431 words
1771,text-too-long,539 words
1772,text-too-long,1133 words
1773,text-too-long,1571 words
1774,text-too-long,2149 words
1775,text-too-long,716 words
