video_path,text
videos/sample_000.mp4,"The video begins with two individuals sitting side by side in a kitchen setting, one in a white t-shirt and the other in a sleeveless top with a colorful floral pattern. The background features a brick wall and various kitchen items, creating a cozy and homely atmosphere. The scene transitions to a close-up of hands, belonging to the person in the white t-shirt who has a tattoo on their forearm, carefully placing strips of raw bacon onto a metal baking tray. The bacon is meticulously laid out in rows. The baking tray is then placed into an oven, with overlaid text reading '400°F 10-15 minutes,' providing the cooking instructions for the bacon. The video continues with a close-up of the same person placing the tray into the oven, emphasizing the cooking process. The oven door is open, and the text '400°F 10-15 minutes' remains visible, reinforcing the cooking instructions. The person closes the oven door, marking the end of the cooking preparation."
videos/sample_001.mp4,"The video showcases the meticulous preparation of a vegan sandwich, emphasizing a healthy and happy lifestyle. It starts with a close-up of a slice of whole grain bread being spread with a creamy vegan substance, followed by the careful arrangement of cherry tomatoes by a hand with pink-painted fingernails. Adjacent to this slice, another piece of bread is topped with fresh green lettuce leaves. In the background, a turquoise plate with additional food items can be seen. The text 'Healthy. Happy. Life. 100% vegan' and 'lunchboxbunch.com' appears in the top right corner, promoting a vegan lifestyle and the website Lunchbox Bunch. The hand then places grilled or cooked tempeh strips on top of the tomatoes, followed by a generous amount of shredded carrots. The video wraps up with the sandwich nearly complete, as the lettuce-topped slice is poised to be placed on top, finalizing the delicious and nutritious vegan creation."
videos/sample_002.mp4,"The video begins with a close-up of a wooden cutting board with sliced onions placed on it, while in the background, a person stirs something in a metal bowl. The scene transitions to a closer view of the person's hand holding a whisk, mixing a white batter in a large metal bowl set on a colorful, floral-patterned tablecloth. The person continues to whisk the batter until it is smooth and well-mixed. The next sequence shows the person dipping an onion ring into the batter, coating it thoroughly. The onion ring is then lifted out of the batter, ready for the next step. A plate with breadcrumbs is visible next to the bowl, indicating that the onion ring will likely be coated with breadcrumbs next.

The video develops through a close-up of a large metal bowl containing white batter and a bowl filled with breadcrumbs, both placed on the same colorful, floral-patterned tablecloth. The hand dips an onion ring into the breadcrumbs, ensuring it is well-coated, and then lifts the coated onion ring out of the breadcrumbs. The scene shifts to a side view of the person placing the coated onion ring onto a baking sheet lined with parchment paper. The final frame of this sequence shows a person in a light pink shirt with dark hair, standing in a room adorned with decorative plates on the wall and a framed picture in the background. The person appears to be explaining or demonstrating something related to the cooking process.

The video wraps up with a close-up of a large metal bowl containing white batter, with several onion rings submerged in it. A whisk is also visible in the bowl, indicating that the batter is being mixed. The bowl is placed on the same colorful, floral-patterned tablecloth, consistent with the previous scenes. Next to the bowl, a plate filled with breadcrumbs is visible. The whisk moves slightly, suggesting that the batter is being stirred gently. The onion rings remain in the batter throughout this sequence, ready to be coated with breadcrumbs in the next step of the cooking process."
videos/sample_003.mp4,"The video begins with a close-up of a black frying pan on a gas stove. A hand places a small piece of food into the hot oil, causing bubbles to form around it. The stove's control panel, branded 'Winghouse Silhouette,' shows a white knob set to a low heat setting. The scene develops as a larger, ring-shaped piece of food is added to the pan, also starting to fry with bubbles forming around it. Both pieces of food continue to fry in the bubbling oil. The narrative progresses with the same frying pan on the gas stove, where the small and larger ring-shaped pieces of food are still frying. The control panel remains visible, and a hand with black tongs turns the smaller piece to ensure even cooking. The larger ring-shaped piece begins to turn golden brown as it is also turned. The scene wraps up with both pieces of food frying, the oil bubbling around them, and the larger piece showing a more pronounced golden brown color. The final segment shows the larger ring-shaped piece being lifted out of the oil with black tongs, revealing its golden brown color. The control panel is still visible, and the hand places the ring-shaped piece back into the pan. The oil continues to bubble as the hand uses the tongs to turn the other pieces of food for even cooking. The text 'Tell me your thoughts. Leave me a comment :)' appears at the top of the screen, inviting viewers to share their opinions."
videos/sample_004.mp4,"The video begins with a close-up of a frying pan filled with oil, where a hand hovers over it, likely checking the temperature. The scene transitions to a plate of freshly fried onion rings, showcasing their golden brown and crispy texture. These onion rings are placed on a white paper towel to absorb any excess oil. The background features a wooden surface, maintaining focus on the onion rings throughout the sequence. The video wraps up with a close-up view of the onion rings, emphasizing their appealing texture and color."
videos/sample_005.mp4,"The video takes place in a vibrant kitchen setting on a television show, featuring a large window with a cityscape view. The kitchen is well-equipped with various cooking utensils and ingredients, creating an inviting atmosphere for a cooking segment. The scene opens with two individuals standing behind a counter filled with cooking items, including a pan on a stove, a plate of buns, various condiments, and a cutting board with green chiles. One person, wearing a white apron with the name 'Harry' embroidered on it, stands next to another person in a maroon shirt who is actively preparing food. The text overlay on the screen reads 'BOBBY'S THROWDOWN' and 'FLAY COOKS GREEN CHILE CHEESEBURGERS,' indicating that the segment is focused on cooking green chile cheeseburgers. 

The person in the maroon shirt is seen chopping green chiles on the cutting board and mixing them in a small bowl, with close-up shots capturing the meticulous preparation. The scene then shifts to a wider shot, showing both individuals as the person in the maroon shirt continues to chop the chiles. Various cooking items, such as a pepper grinder, a bottle of oil, and a jar of honey, are visible on the counter, enhancing the culinary ambiance. The background consistently features the large window with the cityscape view, adding a dynamic backdrop to the cooking process.

As the segment progresses, the focus remains on the person in the maroon shirt, who is diligently chopping green chiles while the person in the white apron observes. The counter is now shown with additional items, including a pan on the stove with a burger patty cooking, emphasizing the ongoing preparation of the green chile cheeseburgers. The video wraps up with close-up shots of the person in the maroon shirt continuing to chop the chiles, ensuring that all ingredients are perfectly prepared for the cheeseburgers."
videos/sample_006.mp4,"The video begins with a close-up of a black frying pan on a stove. A hand holding a blue spatula stirs the contents of the pan. A clear glass bowl containing a yellow liquid mixture, likely beaten eggs, is then poured into the pan, spreading out evenly across its surface. As the eggs start to cook and solidify, the hand with the blue spatula scrambles them, forming soft, fluffy curds. The background reveals a kitchen counter with various items, including a green bottle and two small brown bowls, adding to the domestic cooking scene."
videos/sample_007.mp4,"The video begins with a close-up of a stovetop featuring two electric coil burners, one of which is glowing red to indicate it is hot. A metal pot is lifted off the burner, and the scene transitions to a kitchen counter where a person pours a creamy, yellowish mixture from the pot into a large red bowl containing pasta. Using a black spatula, the person scrapes the mixture out of the pot to ensure nothing is left behind. The red bowl is placed on a white cloth on the counter, with a silver aluminum tray nearby. The background includes a stove with black knobs and a bag of 'Wafers Crackers.' The person continues to pour and scrape the mixture into the bowl, making sure all the contents are transferred.

The scene then shows a close-up of the person stirring the creamy, yellowish pasta mixture in the large red bowl on the kitchen counter. The same background elements are visible, including the stove with black knobs and the bag of 'Wafers Crackers.' The person, identifiable by their orange sleeve and silver bracelet, uses the black spatula to mix the pasta thoroughly. The person then pours the pasta mixture from the red bowl into the silver aluminum tray placed on the white cloth on the counter. They continue to scrape the remaining pasta from the bowl into the tray, ensuring all the contents are transferred. The video concludes with the person spreading the pasta evenly in the tray using the black spatula."
videos/sample_008.mp4,"The video begins with a close-up of golden-brown fried food pieces sizzling in oil within a pan. The scene smoothly transitions to show raw, white, translucent pieces of squid being added to the pan, with a slight pinkish hue on their edges. As the cooking process continues, a granular substance, likely salt, is sprinkled over the squid, enhancing the flavor. Throughout the sequence, the background remains consistent, with the fried food pieces and oil visible, creating a cohesive and appetizing visual narrative."
videos/sample_009.mp4,"The video begins with a close-up shot of a metal pan containing a stick of butter and a red liquid being poured into it, setting the stage for a cooking tutorial. The text 'The Wolfe Pit Blog' is displayed at the bottom of the frame, indicating the source of the recipe. The scene transitions to a grill with numerous raw chicken wings spread out on the grates, and the text 'Subscribe' appears in the top left corner, encouraging viewers to follow the channel. A hand holding metal tongs starts to turn the chicken wings on the grill, ensuring they cook evenly. The focus remains on the process of grilling the chicken wings, showing the hand repeatedly turning the wings to achieve an even cook. The video continues to emphasize the grilling process, with a close-up shot of the raw chicken wings spread out on the grill grates. The hand with the metal tongs is seen turning the wings, which are starting to show slight signs of cooking with some areas turning golden brown. The text 'Subscribe' reappears in the top left corner, reinforcing the call to action. The grill grates are black, and the background includes parts of the grill mechanism, highlighting the careful and thorough cooking process of the chicken wings."
videos/sample_010.mp4,"The video begins with a close-up of a pot on a stove containing a block of butter and a piece of Frank's Red Hot Sauce in a red liquid. The text overlay reads 'TO MAKE THE HOT SAUCE PUT BUTTER AND FRANK'S RED HOT SAUCE IN A POT.' This instruction sets the stage for the hot sauce preparation. The scene remains focused on the pot as the text changes to 'ADD A DASH OF GROUND BLACK PEPPER,' and ground black pepper is sprinkled into the pot, followed by another text change to 'AND A DASH OF GARLIC POWDER,' with garlic powder being added. The clip emphasizes the ingredients in the pot, showing the step-by-step process of making hot sauce. The video continues to focus on the pot containing the block of butter, Frank's Red Hot Sauce, ground black pepper, and garlic powder. The ingredients remain unchanged from the previous scene. A new text overlay appears, reading 'MELT BUTTER OVER VERY LOW HEAT,' indicating the next step in the process. The scene remains a close-up of the pot on the stove, emphasizing the instruction to melt the butter slowly, ensuring the viewer understands the importance of this step in making the hot sauce."
videos/sample_011.mp4,"The video takes place in a kitchen where a person, dressed in a black shirt, is preparing chicken. The green countertop is adorned with a white cutting board holding pieces of raw chicken, a colorful plate with concentric circles, a bowl of flour with a fork, and a bowl of beaten eggs with a fork. The person methodically picks up pieces of chicken, coats them in flour, and then dips them into the beaten eggs. The background features various kitchen items, including a toaster, spices, a carton of eggs, and a vase with flowers, creating a homely atmosphere.

The process of breading the chicken pieces is shown in detail. The person ensures each piece is well-coated in flour before dipping it into the egg mixture and placing it on the colorful plate. The careful and detailed breading process is emphasized, with the person moving the chicken pieces from the flour to the egg mixture and then to the plate.

Throughout the video, the kitchen setting remains consistent, with the green countertop, white cutting board, colorful plate, and bowls of flour and beaten eggs prominently featured. The background items, such as the toaster, spices, carton of eggs, and vase with flowers, add to the continuity and homely feel of the kitchen. The video highlights the meticulous and methodical approach to breading the chicken pieces, ensuring each piece is thoroughly coated before being placed on the plate."
videos/sample_012.mp4,"The video begins with a person wearing a dark blue polo shirt standing in a well-lit kitchen, featuring white cabinets with glass doors that display various items such as books and kitchenware. The person is seen from the chest up, and the text 'WARREN NASH' with the subtitle 'SIMPLE COOKING VIDEOS' appears in the upper left corner of the frame, indicating the host and the theme of the video. The scene transitions to a close-up of the person's hands as they prepare a salad, consisting of chopped green apples, red grapes, and walnuts, all placed in a clear glass bowl. The person adds the walnuts to the salad, and the text 'WARREN NASH' remains visible in the upper left corner throughout the scene. The video then provides a detailed view of the salad, showcasing the fresh ingredients mixed together.

The focus remains on the close-up view of the salad in the clear glass bowl, with the text 'WARREN NASH' and the subtitle 'SIMPLE COOKING VIDEOS' still visible in the upper left corner. The camera captures different angles of the salad, highlighting the fresh ingredients of chopped green apples, red grapes, and walnuts. Towards the end, a hand appears, pouring a clear liquid, likely a dressing, over the salad, enhancing its visual appeal. The video wraps up with the dressing being added to the salad, making it look even more appetizing."
videos/sample_013.mp4,"The video begins in a professional kitchen where a woman in a sleeveless gray dress stands beside a chef dressed in a white uniform and hat, complete with a name tag and logo. The chef demonstrates the first step of a recipe by using a mandoline slicer to julienne celery root and apples. The text 'STEP ONE: Julienne celery root and apples' appears on the screen, indicating the initial step of the recipe. The chef skillfully slices the ingredients while the woman watches attentively. She then takes her turn using the mandoline slicer under the chef's guidance, slicing an apple as the chef holds the slicer steady.

The scene transitions to a close-up of the woman, who appears to be listening attentively with her head slightly turned to the side. The background is blurred, emphasizing her focused expression. The camera angle shifts slightly, maintaining her attentive demeanor. The final frame features the chef, who is looking to the side, possibly addressing the woman or explaining something. The 'POPSUGAR tv' logo is visible in the bottom right corner of the frames, indicating the source of the video content."
videos/sample_014.mp4,"The video begins with a close-up shot of a block of cheese on a white dish, accompanied by the text overlay: 'Best ever grilled cheese sandwich? Don't just use one type of cheese! Mix it up! Half American, half Pepperjack! Get creative!' attributed to Maria Carolina Gutierrez from Facebook. This text encourages viewers to experiment with different types of cheese to enhance their grilled cheese sandwich. The scene transitions to a hand holding a cheese grater, grating a piece of cheese, followed by a person slicing a loaf of bread on a wooden cutting board. The video wraps up with a pile of grated cheese on the cutting board, emphasizing the preparation process for making a delicious grilled cheese sandwich."
videos/sample_015.mp4,"The video begins with a close-up view of a pot containing boiled potatoes. A metal potato masher is being used to mash the potatoes, which are light yellow in color and appear soft. The person mashing the potatoes continues to press down and lift the masher, breaking the potatoes into smaller pieces. The pot is stainless steel, and the background is a dark stovetop. The sequence shows the gradual mashing of the potatoes, with the texture becoming smoother as the process continues. The video focuses on the repetitive motion of mashing, highlighting the transformation of the potatoes from whole pieces to a mashed consistency."
videos/sample_016.mp4,"The video begins with a close-up of a person's hands holding a peeled potato on a white cutting board. The person, who is wearing a gold ring on their left hand, uses a knife to slice the potato lengthwise. The background reveals a countertop with additional peeled potatoes, indicating that more preparation is underway. The person continues to slice the potato into several long pieces with precision. The video wraps up with the person arranging the potato slices neatly on the cutting board, preparing to make further cuts, suggesting a meticulous and organized approach to cooking."
videos/sample_017.mp4,"The video features a person in a modern kitchen setting, preparing food while wearing a white chef's coat and a black and white striped apron. The kitchen is equipped with a stainless steel sink and faucet, and various kitchen appliances and utensils are visible in the background. The person is seen handling peeled and chopped potatoes, placing them into a stainless steel pot. The countertop is adorned with several items including a bottle of olive oil, a garlic bulb, and other condiments. The person then moves the pot to the sink and fills it with water from the faucet. Throughout the video, the logo 'QVFOODS' is visible in the top left corner of the frames. The scene continues with the person still at the sink, filling the pot with water. The kitchen background remains consistent, featuring the same stainless steel sink, faucet, and various kitchen appliances and utensils. The countertop still displays the bottle of olive oil, garlic bulb, and other condiments, and a potted plant is now visible near the sink. The logo 'QVFOODS' remains prominently displayed in the top left corner of the frame."
videos/sample_018.mp4,"The video begins with a close-up view of a rectangular piece of pizza dough laid out on a wooden surface, showcasing its slightly uneven, rustic edge. Rows of pepperoni slices are arranged in a grid pattern on top of the dough, with three slices in each row and six rows in total, all evenly spaced. Overlaid on the image is white text that reads 'Place Pepperoni on pizza dough,' providing clear instructions for this step in the recipe. The scene then transitions to the next step, where mozzarella cheese sticks are placed horizontally on top of the pepperoni slices, with one cheese stick aligned on each row of pepperoni. The text on the screen updates to 'Place Mozzarella cheese sticks on the pepperoni,' guiding the viewer through the process. The video wraps up with the pizza dough now topped with both pepperoni slices and mozzarella cheese sticks, ready for the next step in the recipe."
videos/sample_019.mp4,"The video begins with a chef in a white uniform standing in a well-organized kitchen that exudes a warm, inviting atmosphere. The kitchen is characterized by a backsplash of reddish-brown tiles and shelves adorned with colorful cups and decorative items. The chef holds a bowl of potatoes and reaches out to grab a knife, demonstrating the process of peeling the potatoes. The camera zooms in to show a close-up of the chef's hands peeling the potatoes, with text overlaying the image that reads 'Non-starchy potatoes, parboiled - 4.' This text indicates the type and quantity of potatoes being used. The scene transitions back to a wider shot of the chef continuing to peel and prepare the potatoes, placing the peeled potatoes in a bowl and then cutting them into pieces. The chef places the cut potatoes into a container, ready for the next step in the cooking process.

The narrative develops as the chef, still in the same inviting kitchen, holds a peeled potato in one hand and a metal grater in the other. The chef begins grating the potato over a metal tray placed on a wooden cutting board. The camera zooms in to capture a close-up of the chef's hands grating the potato, emphasizing the texture and process. The grated potato accumulates in the tray. The scene transitions back to a wider shot of the chef continuing to grate the potato, with various kitchen items such as a frying pan, a glass bottle, and a bowl of peeled potatoes visible on the counter. The chef remains focused on the task, preparing the potatoes for the next step in the cooking process.

The video wraps up with a close-up shot of the chef's hands grating a peeled potato over a metal tray, capturing the detailed texture and process. The scene transitions to a wider shot of the chef in the same well-organized kitchen, maintaining the warm and inviting atmosphere. The kitchen features the same reddish-brown tiles and colorful shelves. Various kitchen items, including a frying pan, a glass bottle, and a bowl of peeled potatoes, are visible on the counter. The chef continues to grate the potato, remaining engaged in the task at hand, preparing it for the next step in the cooking process."
videos/sample_020.mp4,"The video begins with a close-up of hands adorned with rings pressing down on a mixture of shredded cabbage in a rectangular metal container, placed on a wooden striped surface. The scene transitions to a wider shot of a kitchen, where a person in a white chef's coat continues pressing the cabbage mixture in the container. The kitchen background includes a countertop with various colorful cups and kitchen utensils, a stove with a frying pan, and a refrigerator. A close-up of a frying pan on the stove follows, with a small amount of oil being poured into it. The text 'Oil for shallow frying' appears on the screen, indicating the next step in the cooking process.

The video develops through the same kitchen setting, where the person in the white chef's coat stands behind a wooden countertop. On the countertop, there is a rectangular metal container filled with the shredded cabbage mixture. The person holds a small glass jug filled with oil, placed next to the container. The kitchen background features a tiled backsplash, colorful cups, various kitchen utensils, and a refrigerator. The person appears to be explaining the next steps in the cooking process, possibly related to the oil and cabbage mixture.

The video wraps up with the same kitchen setting. The person in the white chef's coat stands behind the wooden countertop, which has the rectangular metal container filled with the shredded cabbage mixture. The person gestures with their hands, possibly explaining the next steps in the cooking process. The background features a tiled backsplash, colorful cups, various kitchen utensils, and a refrigerator. A frying pan is visible on the stove, and the small glass jug filled with oil is placed next to the container on the countertop. The scene transitions to a close-up of the person's hand pressing down on the shredded cabbage mixture in the metal container, emphasizing the preparation process."
videos/sample_021.mp4,"The video begins with a close-up of a pot containing a creamy white liquid with small green herbs and chunks of vegetables. A wooden spoon is seen stirring the mixture. The text 'Cook with April' along with a pink cupcake icon is visible in the top left corner, indicating the cooking show and its host. A green bottle is then seen adding a red sauce to the mixture, creating swirls of red in the creamy liquid. The wooden spoon continues to stir, mixing the red sauce into the white liquid, creating a marbled effect. The stirring continues until the red sauce is fully incorporated, and the mixture returns to a uniform creamy consistency with visible chunks of vegetables. The focus is on the process of adding and mixing the red sauce into the creamy vegetable mixture.

The video continues with a close-up of the pot containing the creamy white liquid with chunks of vegetables. The mixture is being stirred with a wooden spoon, ensuring the ingredients are well combined. The text 'Cook with April' along with a pink cupcake icon remains visible in the top left corner, reinforcing the cooking show's branding. The creamy mixture appears smooth and consistent, with visible pieces of green, yellow, and red vegetables. The stirring motion is gentle, maintaining the uniformity of the mixture. The focus remains on the process of stirring the creamy vegetable mixture, ensuring it is well-mixed and smooth."
videos/sample_022.mp4,"The video features a person in a kitchen, preparing to cook a meal. The kitchen is equipped with wooden cabinets, a microwave, and a stove with a large red pot on it. The person, dressed in a white shirt and wearing a necklace, holds a plate containing chopped ingredients such as onions, celery, and bacon. They use a wooden spoon to transfer the chopped bacon from the plate into the red pot on the stove. The person continues to add the bacon into the pot, stirring it with the wooden spoon, and the video wraps up with the person stirring the bacon in the pot, getting it ready for cooking."
videos/sample_023.mp4,"The video features a woman in a modern kitchen, dressed in a floral-patterned dress with an orange shawl. She stands behind a black countertop equipped with a gas stove, surrounded by various kitchen utensils and ingredients. The background showcases shelves filled with jars of spices and vegetables like onions and garlic. The logo 'Vah Reh Vah' with the tagline 'inspire to cook, inspire to taste!' is prominently displayed at the bottom right corner of the screen, setting the theme of culinary inspiration. The scene transitions to a close-up of a stainless steel pot on the stove, where chopped vegetables such as tomatoes, onions, and garlic are being stirred with a wooden spatula. The woman is seen adding ingredients, including salt from a small glass container, to the pot. The video continues with her diligently cooking and stirring the ingredients, emphasizing the process of creating a delicious dish."
videos/sample_024.mp4,"The video features a woman dressed in an orange and red traditional outfit, standing in a kitchen with a stone-textured wall background. She is seen stirring a pot on a gas stove, with various ingredients neatly arranged on the counter beside her, including bowls of chopped vegetables and other ingredients. The text at the bottom of the screen reads, 'Tomatoes are boiled now. Filter these after some time.' (indicating that the tomatoes have reached the desired boiling point and need to be filtered soon). The video then shows a close-up view of the pot with boiling tomatoes, as the woman continues to stir. The ingredients on the counter are clearly visible, including chopped green vegetables, white powder, and other seasonings. The video wraps up with the woman turning off the gas stove and preparing to filter the boiled tomatoes."
videos/sample_025.mp4,"The video begins with a close-up of a wooden surface, likely a cutting board, showing visible stains and scratches, indicating frequent use. A person is seen handling a plastic zip-lock bag containing marinated carrots. They remove the carrots from the marinade and place them on a white rectangular plate. Text appears on the screen, 'REMOVE CARROTS FROM MARINADE,' guiding the viewer through the action being performed. The person continues to remove more carrots from the bag and places them on the plate. The scene then shifts to a close-up of the now-empty zip-lock bag, showing the remaining marinade inside. The next frame shows an empty glass measuring cup placed on the wooden surface. Text appears on the screen, 'SET MARINADE ASIDE,' suggesting the next step in the process. The measuring cup remains on the wooden surface, ready to be used for the next step.

The video continues with a close-up of the glass measuring cup on the wooden surface. The text 'SET MARINADE ASIDE' reappears on the screen, reinforcing the action being performed. A person pours the remaining marinade from the plastic zip-lock bag into the measuring cup. The marinade, a brown liquid, is carefully poured until the bag is empty. The video concludes with the measuring cup now containing the marinade, set aside on the wooden surface, ready for the next step in the process."
videos/sample_026.mp4,"The video features a person in a kitchen, meticulously preparing a dish. The individual, dressed in a light-colored, striped shirt, is seen adding a variety of ingredients to a black pot with an orange handle. The pot contains a mix of black beans, a yellow sauce that appears to be mustard, a red sauce likely tomato-based, and a beige, grainy substance that could be quinoa or breadcrumbs. The person sprinkles salt from a silver salt shaker over the mixture, which sits on a speckled granite kitchen counter. Surrounding the pot are several bowls with different patterns and colors, adding a vibrant touch to the scene. A red cutting board on the counter holds slices of an orange vegetable, probably sweet potato. The person continues to season the mixture, this time adding black pepper from a silver pepper grinder. The video emphasizes the careful preparation process, particularly the addition of seasonings to the pot, showcasing the detailed steps involved in creating the dish."
videos/sample_027.mp4,"In a modern kitchen adorned with white cabinets and a granite countertop, two women are seen preparing food together. One woman, dressed in a blue shirt, stands beside another woman who is wearing a white and beige striped shirt. The woman in the striped shirt is focused on placing a mixture of orange and brown food onto a tortilla from a pot on the counter. She then skillfully folds the tortilla, tucking in the sides and rolling it into a burrito shape. The woman in the blue shirt observes the process attentively. The kitchen is well-organized, featuring various utensils and appliances such as a stove, microwave, and a sink with dishes. The scene wraps up with the woman in the striped shirt holding up the neatly wrapped burrito, indicating that it is ready to be served."
videos/sample_028.mp4,"The video begins with a close-up of a person with long, light brown hair, setting a personal and intimate tone. The scene transitions to a kitchen setting where vibrant, chopped vegetables, including red, yellow, and orange bell peppers, are being poured into a frying pan. The text 'dry fry on med-high heat until softened' (dry fry on medium-high heat until softened) appears on the screen, providing clear cooking instructions. The vegetables are shown in the pan, being dry-fried on medium-high heat, with a hand holding a red spatula stirring them. The background features a tiled backsplash and a glass container, likely used for holding the chopped vegetables, emphasizing the organized and clean kitchen environment. The focus remains on the cooking process, highlighting the vibrant colors of the vegetables and the action of stirring them in the pan.

The video continues in the same kitchen setting, maintaining focus on the frying pan with the chopped vegetables being cooked. The red, yellow, and orange bell peppers are being stirred with a red spatula, and steam rises from the pan, indicating the ongoing cooking process. The background shows a tiled backsplash with a diamond pattern and a glass container, adding to the visual consistency. The scene transitions to a close-up of the vegetables in the pan, emphasizing their vibrant colors and the cooking process. The vegetables appear to be softening and releasing their juices as they cook, showcasing the transformation of the ingredients through the cooking process."
videos/sample_029.mp4,"The video begins with a close-up of a person's hands meticulously coating a piece of meat with flour on a white plate. The hands, dusted with flour, press the meat into the flour mixture, ensuring it is well-covered. The person then lifts the floured meat and dips it into a red and white bowl containing a yellow egg mixture, making sure the meat is fully coated. Afterward, the meat is transferred to a plate of breadcrumbs, where it is pressed down to ensure the breadcrumbs adhere properly. The background reveals a wooden countertop with various kitchen items, including another plate with more floured meat pieces and a cutting board.

The process continues as the person presses the meat into the breadcrumbs, their hands now covered in both flour and breadcrumbs. They turn and press the meat repeatedly, ensuring every part is thoroughly coated. The red and white bowl with the yellow egg mixture is visible to the left of the breadcrumb plate, along with other kitchen items like a pepper grinder and a package of cheese on the wooden countertop. The person completes the coating process, preparing the meat for the next step in the cooking process.

The final scene mirrors the previous steps, with the person pressing and turning the meat in the breadcrumbs to ensure a thorough coating. The background remains consistent, showing the red and white bowl with the yellow egg mixture and various kitchen items on the wooden countertop. The video concludes with the person finishing the coating process, leaving the meat ready for the next stage of cooking."
videos/sample_030.mp4,"The video features a chef in a modern kitchen, characterized by red cabinets, a stainless steel refrigerator, and shelves adorned with colorful bottles and potted plants. The chef, dressed in a white coat, is actively engaged in cooking, holding a ladle amidst an array of ingredients and utensils on the counter, including a jar labeled 'Emeril's,' a bottle of oil, and several small bowls. The focus then shifts to a close-up of a frying pan on the stovetop, where two breaded pieces of meat are being cooked. The chef pours a thick, tomato-based red sauce over one of the pieces using the ladle, meticulously spreading it to ensure an even coating. The video wraps up with the chef continuing to cook, maintaining the vibrant kitchen setting in the background."
videos/sample_031.mp4,"The video begins with a close-up of a person wearing a colorful, abstract-patterned dress, carefully adding olive oil to a dish containing breaded food items. The person uses a spoon to drizzle the olive oil from a small white bowl, with the text 'add - OLIVE OIL' appearing on the screen to indicate the action being performed. The scene transitions to a wider shot, revealing the person standing in a kitchen with white cabinets and a stainless steel oven. On the counter, additional ingredients such as a bowl of sliced tomatoes and a plate with cheese slices are visible. The person continues to add olive oil to the dish, focusing on evenly distributing it over the breaded items. The video develops through the person, still in the same kitchen setting, drizzling olive oil over the breaded food items in a rectangular baking dish. The kitchen remains consistent with white cabinets, a stainless steel oven, and a tiled backsplash. The bowl of sliced tomatoes and the plate with cheese slices are still present on the counter. The person uses a spoon to ensure the olive oil is evenly distributed from the small white bowl, highlighting the careful preparation process. The video wraps up with a focus on the meticulous addition of olive oil to the dish, emphasizing the importance of this step in the cooking process."
videos/sample_032.mp4,"The video begins with a close-up of hands cracking an egg into a dark brown bowl on a wooden cutting board, with a metal grater visible on the left side of the frame. The scene transitions to a wider shot of two individuals in a kitchen. The person on the left, wearing a dark striped shirt, is handling a loaf of bread and placing slices into a white toaster. The person on the right, dressed in a white chef's coat, is preparing ingredients on the cutting board, which includes eggs and a piece of chicken. The text '2 - EGGS' appears in a green bar at the bottom of the screen, indicating the ingredient being used. The kitchen background includes various appliances and utensils, such as a blender, a dish rack, and a stove. The person in the chef's coat continues to prepare the ingredients while the other person operates the toaster. The scene then transitions to a close-up of the person in the chef's coat whisking eggs in the dark brown bowl. The eggs are being mixed thoroughly, creating a smooth, yellow mixture. The text '#FOURSIDEKITCHEN' appears in the top right corner of the frame, indicating the name or brand associated with the kitchen setting."
videos/sample_033.mp4,"The video begins with a close-up of a stainless steel pot on a stove, where diced vegetables including carrots, celery, and onions are being sautéed. A person, whose arm is visible, adds more diced vegetables, specifically potatoes, into the pot from a transparent bowl. The person ensures the potatoes are evenly distributed among the other vegetables. The video develops as the pot now contains a mix of sautéed carrots, celery, onions, and freshly added potatoes, all being cooked together, creating a harmonious blend of ingredients."
videos/sample_034.mp4,"The video begins with a black screen, which then transitions to a close-up view of a person chopping an onion on a wooden cutting board. The person uses a large knife to dice the onion into small, uniform pieces. The camera angle is very close, focusing on the knife and the onion, with the person's hand visible holding the onion steady. The background is blurred, keeping the attention on the chopping action. The person continues to chop the onion, creating a pile of diced onion pieces on the cutting board. The person finishes the chopping process, leaving a neatly diced onion on the board. The scene then shifts to a close-up view of a pile of diced onions on the same wooden cutting board. The camera focuses on the diced onions, showing their small, uniform pieces. The person's hand is visible in the background, continuing to chop more onions. The knife is seen moving swiftly, adding more diced pieces to the pile. The background remains blurred, keeping the attention on the chopping action. The person uses the knife to gather the diced onions into a neat pile. The video wraps up with the person finishing the gathering process, leaving a neatly arranged pile of diced onions on the cutting board."
videos/sample_035.mp4,"The video features a close-up of a chef in a white uniform, meticulously working in a professional kitchen. The chef holds a small white bowl over a steaming pan on a stovetop, carefully pouring a liquid into the hot pan. The rising steam emphasizes the heat of the pan, and the chef uses a cloth to handle it, indicating its high temperature. The background reveals a well-equipped kitchen with various metal containers and utensils, adding to the professional atmosphere. As the chef continues to pour the liquid, they place the bowl aside and adjust the pan to ensure it is properly positioned on the stovetop. The video wraps up with the chef stepping back slightly, allowing the contents of the pan to cook further, showcasing a moment of culinary precision and expertise."
videos/sample_036.mp4,"The video begins with a close-up shot of a pizza baking inside a traditional wood-fired oven. The flames in the background create a warm and rustic ambiance, highlighting the golden-brown crust topped with tomato sauce and cheese. The text 'In The Kitchen' is displayed prominently in the lower left corner, along with the names 'John Ganley and Chef Alfredo Rodriguez of Cosimo's' and the website 'DineOriginal.com'. The logo for 'The Originals' with the tagline 'Fresh Local Flavor' and the locations 'Sarasota - Manatee' is also visible in the upper right corner. This branding and context remain consistent throughout the video. The scene transitions to a close-up of the finished pizza on a white plate, with a hand sprinkling grated cheese on top. Fresh green herbs, likely basil, are then added, enhancing the pizza's color and freshness. The video continues with a close-up shot of the fully garnished pizza, maintaining the same text and logos. A hand drizzles olive oil over the pizza, giving it a glossy finish. The video wraps up with a final shot of the pizza, now with a slight sheen from the olive oil, ready to be served. The consistent text and logos throughout the video emphasize the branding and context of this cooking segment."
videos/sample_037.mp4,"The video begins with a person preparing ingredients on a kitchen counter, handling a cutting board with chopped garlic and pieces of meat. A large stainless steel pot is on the stove, and a black frying pan is in the foreground. The person pours olive oil from a green bottle into the frying pan and then holds a wooden spatula and the cutting board, explaining the ingredients. They scrape the chopped meat into the frying pan with the spatula and continue to explain the cooking process.

The scene transitions to the person standing in the kitchen, wearing a floral-patterned blouse, next to a stove with a large stainless steel pot. The background includes white cabinets, a red stand mixer, and a white mug with the YouTube logo. The video then shows a close-up of the black frying pan on the stove, where pieces of meat are being stirred with a wooden spatula. The meat sizzles in the pan as the person continues to stir and explain the process.

The video continues with the person, still in the floral-patterned blouse, standing next to the stove and stirring ingredients in the pot with a wooden spatula. The background remains consistent with white cabinets, a red stand mixer, and a white mug with the YouTube logo. The text 'Dishin' With Di' appears in the bottom left corner of the screen. The person continues to stir the ingredients and explain the cooking process, wrapping up the video."
videos/sample_038.mp4,"The video begins with a person standing in a kitchen, facing a stove with white tiled walls and a gas stove. The person, dressed in a grey shirt, is seen cooking sausages in a stainless steel pan on a lit burner. Using tongs, they carefully place and adjust the sausages in the pan, which are being fried in oil. The scene transitions to a close-up of the person, who has long brown hair, standing near the stove and a black range hood. They appear to be talking and gesturing with their hands. The focus shifts back to the pan where the sausages are frying, with the person using tongs to ensure they cook evenly. The video continues with the person adjusting the sausages in the pan, and then transitions back to a close-up of the person talking and gesturing in the kitchen. The background consistently shows the white tiled walls and the black range hood. The video wraps up with the person continuing to talk and gesture, while the camera occasionally shifts back to the pan of sausages on the stove, ensuring they are cooked to perfection."
videos/sample_039.mp4,"The video begins with a person washing potatoes under running water in a kitchen sink. The sink area features a blue countertop, a silver faucet, and various kitchen items such as a green teapot and a sponge. The scene transitions to the person peeling the potatoes on a wooden cutting board. The individual, dressed in a gray shirt and wearing a watch, then cuts the peeled potatoes into smaller pieces. The cutting board remains on the same blue countertop, surrounded by other kitchen items like a pot lid and a pair of tongs. The video progresses to show the person placing the cut potatoes into a large pot on a stove. The stove has two burners on: one with a large pot of boiling water and the other with a frying pan containing sausages and onions. The background includes a fruit basket and other kitchen utensils, creating a bustling kitchen atmosphere."
videos/sample_040.mp4,"The video begins with a person holding a white dish filled with a creamy, mashed potato-like substance in a kitchen setting, with a cabinet and shelves visible in the background. The person then places the dish into an oven. As the video progresses, the dish is shown baking, with the top becoming golden brown and slightly crispy. The video wraps up with the person removing the now fully baked dish from the oven using a blue checkered oven mitt."
videos/sample_041.mp4,"The video begins with a close-up view of a pot containing browned ground meat. A white powder, likely salt, is being sprinkled over the meat, followed by the addition of more seasonings, including a green herb, possibly dried parsley or thyme, and a red powder, likely paprika or chili powder. A dollop of a red sauce, possibly tomato paste or ketchup, is then added to the mixture. The pot's interior shows signs of previous cooking, with browned and slightly burnt residue on the sides. The scene develops as a white substance, possibly minced garlic, is added on top of the red sauce. A wooden spoon is used to mix the ingredients together, incorporating the seasonings and sauce into the meat. The mixture is stirred thoroughly, with the red sauce and garlic being evenly distributed throughout the browned meat. The meat mixture appears well-blended and evenly seasoned, with the pot's interior still showing signs of previous cooking. The video wraps up with the wooden spoon continuing to stir the well-blended and evenly seasoned browned ground meat mixture. The meat appears to be cooking evenly, with a consistent brown color and a slightly crumbly texture. The pot's interior still shows signs of previous cooking, with browned and slightly burnt residue on the sides. The meat mixture looks well-cooked and ready for the next step in the recipe."
videos/sample_042.mp4,"The video begins with a close-up of a pot on a stove, where a mixture of ground meat, tomatoes, and other ingredients is being stirred with a wooden spoon and a metal spoon. The mixture appears to be a stew or sauce, with visible chunks of tomatoes and meat in a liquid base. The scene then transitions to a wider shot of a modern kitchen, where two individuals are standing side by side. The person on the left is wearing a gray sweater, while the person on the right is wearing a black shirt with a floral pattern and a necklace. They appear to be engaged in a conversation or explaining something related to the cooking process. The video continues with a close-up of the same two individuals in the modern kitchen, still engaged in conversation. The focus then shifts to a hand with blue nail polish picking up a package of rosemary labeled 'Sainsbury's' from a countertop, which also has a bottle of olive oil, a pepper grinder, and some vegetables. The hand then holds a bunch of rosemary, and the final frame shows the rosemary being added to the pot of stew or sauce, which is being stirred with a wooden spoon. The mixture in the pot appears to be a continuation of the cooking process from earlier, with visible chunks of meat and tomatoes in a liquid base."
videos/sample_043.mp4,"The video begins with a close-up of shredded cabbage in a glass bowl, indicating the preparation of ingredients for a dish. The scene transitions to a measuring cup pouring a stream of light yellow oil into a large, dark purple frying pan. The oil gradually fills the pan, creating a smooth, reflective surface. The background features a blurred kitchen setting with various objects, including a green plant. The focus is on the process of adding oil to the pan, likely as a step in cooking the shredded cabbage or another ingredient."
videos/sample_044.mp4,"The video begins with a close-up view of peeled and cut yellow potatoes. The scene transitions to show the potatoes placed in a pot with a white liquid, likely milk or cream. The next few frames maintain this view, showing the potatoes in the pot from a slightly different angle. The camera then zooms in on the potatoes, providing a closer look at their texture and the liquid they are in. The potatoes are shown boiling in the liquid, with bubbles forming around them, indicating that they are being cooked. The video continues to show the potatoes boiling in the white liquid, with bubbles forming around them. The scene then transitions to a close-up of a spoon holding a small amount of a brown substance, possibly a seasoning or ingredient, over a pot. The background is blurred, emphasizing the spoon and its contents."
videos/sample_045.mp4,"The video begins with an empty, clear plastic blender cup placed on a wooden countertop, set against a light-colored, vertical panel wall. Green leafy vegetables are added to the blender cup, followed by more green vegetables and a small amount of a white substance, possibly garlic or butter. A person then holds the blender cup, now filled with the ingredients, and attaches the blade assembly to the top. The assembled blender cup is placed onto a silver and black Magic Bullet blender base. A close-up shows the blender cup with the ingredients inside, ready to be blended. The scene transitions to a close-up of the blender cup attached to the Magic Bullet blender base, blending the green leafy vegetables and white substance. A hand holds the blender cup in place as the contents are mixed, gradually becoming more finely chopped and blended. The background remains the same with a light-colored, vertical panel wall. The blending process continues, with the green mixture becoming smoother and more uniform in texture. The hand keeps the blender cup steady throughout the blending process. The video wraps up with the mixture inside the blender cup appearing well-blended and consistent in texture."
videos/sample_046.mp4,"The video showcases a cooking process, beginning with a close-up of a frying pan containing partially cooked, caramelized onions. The pan has a dark, slightly greasy surface with bits of onions scattered around. A hand holding a small plate with thinly sliced potatoes appears, and the slices are added to the pan. The potatoes are light yellow with some having a reddish-brown skin. The potatoes are spread out in the pan, and the onions are pushed to one side. As the cooking continues, the potatoes start to turn slightly golden brown. The video wraps up with the potatoes and onions cooking together in the pan, with the onions becoming more caramelized and the potatoes developing a crispy texture. The text 'FoodSlinger.TV' is visible at the bottom of the frames, indicating the source of the video."
videos/sample_047.mp4,"The video features a chef in a professional outdoor kitchen setting, standing behind a black-covered table adorned with various ingredients and cooking utensils. The background showcases a vibrant display of fruits and vegetables arranged on shelves, adding to the fresh and lively atmosphere. The chef, dressed in a white chef's coat and gloves, is seen diligently preparing food using a portable stove. A close-up shot captures the chef using tongs to place a piece of golden brown cooked food onto a white plate with precision and care. The chef then places the plate on the table and continues with the cooking process, demonstrating skill and attention to detail in a well-organized and professional environment."
videos/sample_048.mp4,"The video begins with a close-up of a person rolling out dough on a dark, flour-dusted countertop using a wooden rolling pin. The dough is rolled into a large, thin, circular shape. A metal circular cutter is then used to cut out smaller circles from the rolled dough. The person methodically presses the cutter into the dough, creating multiple evenly spaced circular shapes. The person then removes the excess dough, leaving behind the neatly cut circles. The logo 'Vah Reh Vah' is visible in the bottom right corner throughout the clip. The scene transitions to a close-up of the same dark, flour-dusted countertop, where the neatly cut circles of dough are arranged. The excess dough is still partially attached to some of the circles. A metal circular cutter is visible on the left side of the frame, and a wooden rolling pin is on the right. The person’s hands are seen removing the excess dough from around the circles, carefully peeling it away and lifting it off the countertop. The person continues to remove the excess dough, revealing more of the neatly cut circles. The logo 'Vah Reh Vah' remains visible in the bottom right corner throughout the clip. The video wraps up with the person holding the excess dough in their hand, having cleared the circles from the surrounding dough."
videos/sample_049.mp4,"The video takes place in a modern kitchen setting, featuring a person wearing a black chef's coat who is preparing a dish. The kitchen is equipped with grey cabinets, a microwave, and various kitchen appliances. On the counter, there are several ingredients including a bottle of wine, a container of garlic powder, a can of Hungarian paprika, and a measuring cup with a dark liquid. The person is seen holding a large container of red pepper flakes and adding them to a pot on the stove. The pot contains a mixture of diced meat, green bell peppers, and onions. After adding the red pepper flakes, the person places the container back on the counter and picks up the container of garlic powder, showing it to the camera. The person then proceeds to add the garlic powder to the pot, ensuring an even distribution of the seasoning. After adding the garlic powder, the person places the container back on the counter, completing the seasoning process for the dish."
videos/sample_050.mp4,"The video begins with a close-up shot of a white container holding a small pile of brown, ground spices. The scene transitions to a close-up of a large, slightly stained metal pan with a brownish residue. A hand pours a small pile of light brown seeds, possibly cumin, into the center of the pan. Next, a hand adds a pile of bright red powder, likely paprika or chili powder, next to the cumin seeds. The pan now contains two distinct piles of spices, one red and one light brown, on its slightly stained surface. The scene continues with a close-up shot of the same slightly stained metal pan. In the center of the pan, there are now three distinct piles of spices: a bright red powder (likely paprika or chili powder), a light brown seed (possibly cumin), and a new addition of a white or light-colored powder. A hand sprinkles additional bright red powder onto the existing piles, enhancing the red color. The video wraps up with a close-up of the pan, showing the three distinct piles of spices, with the red powder now more prominent."
videos/sample_051.mp4,"The video showcases a cooking process in a modern kitchen. It begins with a person opening a stainless steel oven and carefully removing a large, black, cast-iron pot with a lid using a cloth. The oven features various knobs and dials on its control panel, indicating a sophisticated appliance. The person then places the pot on the stovetop, which is part of the same stainless steel appliance. The kitchen is sleek and contemporary, with a stainless steel backsplash and countertop. Various cooking ingredients and utensils are neatly arranged on the counter, including a bottle of wine, a can of chopped tomatoes, a cutting board with chopped vegetables, and a bowl filled with herbs. The video concludes with the person positioning the pot on the stovetop, ready to proceed with the next step in their culinary endeavor."
videos/sample_052.mp4,"The video begins with a close-up of a red pot on a stove, where chopped green vegetables, likely celery and onions, are being sautéed. A person wearing a striped shirt is seen holding a stainless steel bowl filled with white beans. They stir the vegetables in the pot with a wooden spoon before pouring the white beans from the bowl into the pot, ensuring all the beans are transferred. The text 'GIANNI.TV' is visible in the bottom right corner throughout, indicating the source or creator of the video. The video develops as the person continues to stir the mixture of white beans, celery, and onions in the pot with a wooden spoon, ensuring the contents are well mixed. The background shows a stove with a control panel, and the text 'GIANNI.TV' remains visible in the bottom right corner, reinforcing the source or creator of the video."
videos/sample_053.mp4,"The video features a woman in a kitchen setting, preparing a dish. She is wearing a white blouse with black polka dots and ruffled sleeves, accessorized with a red necklace and a black belt. The kitchen counter is cluttered with various items, including a red kettle, a bottle of olive oil, a container of chia seeds, and other kitchen utensils. The woman is seen holding a lemon and appears to be squeezing it over a blue bowl containing a salad. The background includes white cabinets, a painting with citrus fruit designs, and a dining area with chairs. The text 'Perez TV' is displayed in pink at the bottom right corner of the screen."
videos/sample_054.mp4,"The video begins with a close-up of a kitchen counter where various ingredients are laid out, including green onions, a red tomato, and a yellow lemon on a wooden cutting board. A metal bowl containing chopped green onions is also visible, along with a pie crust in a glass dish, a bottle of olive oil, a blue container of salt, and a white paper towel holder. A person wearing a black watch on their left wrist starts chopping the green onions on the cutting board, finely dicing them. The scene then zooms out to show the entire kitchen counter, revealing all the previously seen ingredients. The person transfers the chopped green onions from the cutting board into the metal bowl using the knife, ensuring all pieces are collected. The focus then shifts to the person holding a red tomato in their left hand and a knife in their right hand. The person places the tomato on the wooden cutting board and begins to slice it into smaller pieces, maintaining a focus on the detailed texture of the tomato as it is being cut. The video wraps up with the person continuing to slice the tomato on the cutting board, with the metal bowl of chopped green onions nearby."
videos/sample_055.mp4,"The video begins with a close-up of a hand holding a clear Pyrex measuring cup with blue markings. A lemon and a lemon juicer are visible on the left, and a knife with chopped herbs is on the right. The hand pours a dry ingredient, possibly bulgur wheat, into the measuring cup. The scene transitions to a wider view of a kitchen, where a person in a brown shirt and blue jeans is standing behind a counter filled with various ingredients, including tomatoes, cucumbers, red onions, olive oil, and a bowl of chopped herbs. The person picks up a smaller measuring cup and places it next to the larger one, then reaches for a clear container of water and begins pouring it into the measuring cup with the dry ingredient. The camera zooms in to show the water level rising to the 500 ml mark, soaking the dry ingredient. The scene then shows a close-up of the measuring cup, displaying the soaked ingredient and the water level at 500 ml.

The video continues with a close-up of the clear Pyrex measuring cup, now showing the soaked bulgur wheat with the water level at 500 ml. The camera transitions to a wider view of the kitchen, where the person in a brown shirt and blue jeans is still standing behind the counter filled with various ingredients. The person picks up the measuring cup with the soaked bulgur wheat and begins to stir it. They then lift the measuring cup and move it towards the bowl of chopped herbs. The video concludes with the person holding the measuring cup above the bowl, preparing to add the soaked bulgur wheat to the mixture."
videos/sample_056.mp4,"The video features a person in a turquoise top and white apron preparing a dish in a kitchen. They start by placing chickpeas and green leafy vegetables into a food processor. As they turn on the food processor, the ingredients blend together, forming a greenish paste. The person then adds some liquid, likely olive oil from a green bottle, into the mixture. The blending continues until the mixture becomes smoother. The kitchen setting in the background includes a countertop, a stove with red pots, and a cutting board with various vegetables such as tomatoes, red bell peppers, and carrots, indicating a vibrant and well-equipped cooking environment."
videos/sample_057.mp4,"The video begins with a clear glass bowl filled with dried chickpeas placed on a light wooden surface. In the background, a glass measuring cup filled with water is visible. The number '2' is displayed in the top right corner of the frame, indicating the second step in a sequence. Water is then poured from the measuring cup into the bowl of chickpeas. The text 'pour in water to cover' appears at the bottom of the frame, instructing the viewer to add enough water to cover the chickpeas. As the water continues to pour, the text changes to 'and 2cm more,' indicating that the water should cover the chickpeas by an additional 2 centimeters. The water level rises above the chickpeas, and the text 'leave to soak overnight' appears at the bottom, instructing the viewer to let the chickpeas soak in the water overnight."
videos/sample_058.mp4,"The video features a woman in a kitchen, dressed in a green top, preparing food at a counter equipped with various kitchen utensils and appliances. The kitchen is characterized by light wooden cabinets and a black countertop, with a plant visible in the background. The woman is seen adding green and white ingredients to a large metal mixing bowl and stirring them with a blue spatula. The video captures her in the process of mixing and adding ingredients, with close-up shots highlighting the bowl and the mixture being stirred. The focus then shifts to a close-up of her hands as she continues to mix the thick, textured green and white substance in the bowl. The woman's green top and the light wooden cabinets are faintly visible in the background, emphasizing the motion of her stirring as the mixture becomes more blended."
videos/sample_059.mp4,"The video begins with a close-up of a person wearing a black shirt and a wristwatch, carefully pouring a mixture of green vegetables from a glass bowl into a food processor. The scene transitions to a wider shot, revealing two individuals in a kitchen with wooden cabinets, a built-in oven, and various kitchen utensils. The person in the black shirt operates the food processor while another person in a striped tank top stands beside them, observing. Text appears on the screen, stating 'Make sure to scrape the sides of the processor during mixing process,' emphasizing the importance of thorough mixing. The video wraps up with a close-up of the food processor in action, blending the green mixture inside."
videos/sample_060.mp4,"The video begins with a person in a white shirt standing in a modern kitchen, which features a gas stove, a sink, and a window offering a view of greenery outside. On the kitchen counter, various ingredients are laid out, including a packet of Kung Pao pasta sauce, a bowl of raw chicken pieces, a bundle of noodles, and some chopped green vegetables. The person picks up the packet of Kung Pao pasta sauce and pours the dark red, thick sauce over the raw chicken pieces in a glass bowl. After placing the empty packet next to the bowl, they start mixing the chicken and sauce together with a spoon, ensuring the chicken is well-coated. The video then transitions to a close-up of the person continuing to mix the chicken and sauce in the glass bowl. The focus is on the hand movements and the texture of the sauce and chicken, with the modern kitchen setting slightly blurred in the background. The video wraps up with the person still mixing the chicken and sauce, preparing it for cooking."
videos/sample_061.mp4,"The video showcases a detailed process of preparing a food item on a white cutting board with green edges. A person begins by placing a mixture of finely chopped vegetables and possibly meat onto a square sheet of dough. The mixture includes ingredients like carrots, peas, and ground meat. The person then skillfully folds the dough over the filling, starting from one corner and rolling it tightly. They carefully tuck in the sides of the dough to ensure the filling is securely wrapped. In the background, a glass bowl containing more of the filling mixture and a small glass bowl with a clear liquid, possibly oil or water, are visible. Additionally, a large white plate is present on the left side of the cutting board. The person continues to roll the dough until the filling is completely enclosed, resulting in a neat, cylindrical shape."
videos/sample_062.mp4,"The video begins with a person wearing a brown knitted sweater holding a clear glass plate filled with various chopped ingredients, including Asian pear, onion, garlic, and ginger. The text '1 Cup Asian Pear, 1/2 Cup Onion' (indicating the quantities of the ingredients) appears at the bottom of the screen. The person points to the different ingredients on the plate, and the text changes to '1/4 Cup Garlic, 1/2 Tbsp Fresh Ginger' (providing further details on the quantities). A child in a green shirt briefly appears in the background, adding a touch of everyday life to the scene. The person then transitions to adding the chopped ingredients into a blender, carefully placing each one inside. The scene develops as the person continues to add the remaining chopped ingredients into the blender, places the lid on, and secures it. The person starts the blender, and the ingredients begin to mix and blend together. The mixture inside the blender gradually becomes smoother as the blending continues. The video wraps up with the person turning off the blender, revealing a well-blended, smooth mixture inside, ready for the next step in the recipe."
videos/sample_063.mp4,"The video features a detailed process of monitoring and regulating the temperature of oil in a large stainless steel pot on a stove. It begins with a close-up of the pot filled with golden oil, where a person wearing a white apron is seen inserting a metal thermometer into the oil. The thermometer's dial, marked with both Celsius and Fahrenheit scales, shows a temperature reading of around 150°F (65°C). The thermometer is then placed securely in the oil, with the temperature remaining consistent. The focus shifts to the person's hand adjusting the stove's control knobs, likely to regulate the heat. The video emphasizes the importance of maintaining the correct temperature by returning to a close-up of the thermometer in the oil. Throughout the video, the logo 'Lobo' is visible in the top right corner, indicating the brand or context of the video."
